{"graph": {"_type": "graph-file", "path": "media/graph/graph_summary_8fae129eca77f62e34d3.graph.json", "sha256": "8fae129eca77f62e34d3f1a5a42ed20ee60246af17115c969fdcb30761cab120", "size": 1857}, "epoch": 14, "loss": 0.04959326237440109, "accuracy": 0.9834666848182678, "val_loss": 0.07935969531536102, "val_accuracy": 0.9768000245094299, "_runtime": 100, "_timestamp": 1638978732, "_step": 14, "best_val_loss": 0.07312167435884476, "best_epoch": 12, "_wandb": {"runtime": 100}}