{"graph": {"_type": "graph-file", "path": "media/graph/graph_summary_8fae129eca77f62e34d3.graph.json", "sha256": "8fae129eca77f62e34d3f1a5a42ed20ee60246af17115c969fdcb30761cab120", "size": 1857}, "epoch": 14, "loss": "sparse_categorical_crossentropy", "accuracy": 0.9675833582878113, "val_loss": 0.3198298215866089, "val_accuracy": 0.91839998960495, "_runtime": 104, "_timestamp": 1638982763, "_step": 15, "best_val_loss": 0.2849655747413635, "best_epoch": 12, "Edge_detection": "canny", "learning_rate": 0.001, "epochs": 15, "batch_size": 100, "dropout": 0.2, "pooling": "Max", "conv_filters": 1, "Batch_normalization": "True", "_wandb": {"runtime": 103}}