{"graph": {"_type": "graph-file", "path": "media/graph/graph_summary_05aa5e858495de200d60.graph.json", "sha256": "05aa5e858495de200d60b479bf3b511e6dd2516ea9c0ebea35d60ae96ff92250", "size": 1130}, "epoch": 14, "loss": 0.026213958859443665, "accuracy": 0.9912166595458984, "val_loss": 0.15289680659770966, "val_accuracy": 0.9811000227928162, "_runtime": 25, "_timestamp": 1638979029, "_step": 14, "best_val_loss": 0.06522221118211746, "best_epoch": 7, "_wandb": {"runtime": 23}}