{"graph": {"_type": "graph-file", "path": "media/graph/graph_summary_8fae129eca77f62e34d3.graph.json", "sha256": "8fae129eca77f62e34d3f1a5a42ed20ee60246af17115c969fdcb30761cab120", "size": 1857}, "epoch": 14, "loss": 0.1023397296667099, "accuracy": 0.9659166932106018, "val_loss": 4.912065505981445, "val_accuracy": 0.41040000319480896, "_runtime": 103, "_timestamp": 1638983649, "_step": 14, "best_val_loss": 1.0360058546066284, "best_epoch": 0, "_wandb": {"runtime": 103}}