{"graph": {"_type": "graph-file", "path": "media/graph/graph_summary_6a6aa2ec3ba67814df6c.graph.json", "sha256": "6a6aa2ec3ba67814df6c69101fb2f28404b6c700101661898543db27a4a6dc6e", "size": 1857}, "epoch": 14, "loss": 0.11101023107767105, "accuracy": 0.9631833434104919, "val_loss": 0.6346122026443481, "val_accuracy": 0.8490999937057495, "_runtime": 112, "_timestamp": 1638980237, "_step": 14, "best_val_loss": 0.38337790966033936, "best_epoch": 6, "_wandb": {"runtime": 112}}