{"graph": {"_type": "graph-file", "path": "media/graph/graph_summary_8fae129eca77f62e34d3.graph.json", "sha256": "8fae129eca77f62e34d3f1a5a42ed20ee60246af17115c969fdcb30761cab120", "size": 1857}, "epoch": 14, "loss": 0.1150919571518898, "accuracy": 0.9616833329200745, "val_loss": 0.31043684482574463, "val_accuracy": 0.9276999831199646, "_runtime": 101, "_timestamp": 1638980356, "_step": 14, "best_val_loss": 0.3051479160785675, "best_epoch": 10, "_wandb": {"runtime": 101}}