{"graph": {"_type": "graph-file", "path": "media/graph/graph_summary_8fae129eca77f62e34d3.graph.json", "sha256": "8fae129eca77f62e34d3f1a5a42ed20ee60246af17115c969fdcb30761cab120", "size": 1857}, "epoch": 14, "loss": 0.0462573803961277, "accuracy": 0.98458331823349, "val_loss": 0.07228782027959824, "val_accuracy": 0.977400004863739, "_runtime": 101, "_timestamp": 1638978571, "_step": 14, "best_val_loss": 0.0684816911816597, "best_epoch": 11, "_wandb": {"runtime": 101}}