{"graph": {"_type": "graph-file", "path": "media/graph/graph_summary_6881b35da69cd0ce5cf9.graph.json", "sha256": "6881b35da69cd0ce5cf93b1b995973a0bcdca174b7094b80ffbb672ca1881746", "size": 2042}, "epoch": 14, "loss": 0.11297237873077393, "accuracy": 0.9624500274658203, "val_loss": 0.10322940349578857, "val_accuracy": 0.9685999751091003, "_runtime": 90, "_timestamp": 1638979190, "_step": 14, "best_val_loss": 0.10322940349578857, "best_epoch": 14, "_wandb": {"runtime": 90}}