{"graph": {"_type": "graph-file", "path": "media/graph/graph_summary_e936b29709d5543255c2.graph.json", "sha256": "e936b29709d5543255c2a476df6669c24d472de3275f8f882aefb41d16462bc6", "size": 1856}, "epoch": 14, "loss": 0.055044353008270264, "accuracy": 0.9816666841506958, "val_loss": 0.07416094839572906, "val_accuracy": 0.9771999716758728, "_runtime": 94, "_timestamp": 1638979310, "_step": 14, "best_val_loss": 0.07353396713733673, "best_epoch": 13, "_wandb": {"runtime": 94}}