{"graph": {"_type": "graph-file", "path": "media/graph/graph_summary_3a8cc04038a12cfd1747.graph.json", "sha256": "3a8cc04038a12cfd17479f96737714a2f81cf055d03f5138005409698c47fdda", "size": 1877}, "epoch": 14, "loss": 0.032405026257038116, "accuracy": 0.9890000224113464, "val_loss": 0.06574244052171707, "val_accuracy": 0.982200026512146, "_runtime": 100, "_timestamp": 1638979638, "_step": 14, "best_val_loss": 0.06574244052171707, "best_epoch": 14, "_wandb": {"runtime": 100}}