{"graph": {"_type": "graph-file", "path": "media/graph/graph_summary_47c63147e010971579f5.graph.json", "sha256": "47c63147e010971579f52fec48f100d9ddf200fcfc378896516dfd9faf1ba84c", "size": 1877}, "epoch": 14, "loss": 0.09693247824907303, "accuracy": 0.9683499932289124, "val_loss": 0.479934424161911, "val_accuracy": 0.9214000105857849, "_runtime": 86, "_timestamp": 1638983831, "_step": 14, "best_val_loss": 0.4040757417678833, "best_epoch": 9, "_wandb": {"runtime": 86}}