{"graph": {"_type": "graph-file", "path": "media/graph/graph_summary_3a8cc04038a12cfd1747.graph.json", "sha256": "3a8cc04038a12cfd17479f96737714a2f81cf055d03f5138005409698c47fdda", "size": 1877}, "epoch": 14, "loss": 0.09324916452169418, "accuracy": 0.9694333076477051, "val_loss": 0.6061248183250427, "val_accuracy": 0.8967999815940857, "_runtime": 100, "_timestamp": 1638980113, "_step": 14, "best_val_loss": 0.46043339371681213, "best_epoch": 8, "_wandb": {"runtime": 99}}