{"graph": {"_type": "graph-file", "path": "media/graph/graph_summary_07df625f63f81251d159.graph.json", "sha256": "07df625f63f81251d1598bfc20659883df7be73d0cb8c44da7eb0e89ec4074f1", "size": 1033}, "epoch": 14, "loss": 0.11454790830612183, "accuracy": 0.9635999798774719, "val_loss": 0.11379765719175339, "val_accuracy": 0.9653000235557556, "_runtime": 67, "_timestamp": 1638978915, "_step": 14, "best_val_loss": 0.11379765719175339, "best_epoch": 14, "_wandb": {"runtime": 66}}