{"graph": {"_type": "graph-file", "path": "media/graph/graph_summary_6a6aa2ec3ba67814df6c.graph.json", "sha256": "6a6aa2ec3ba67814df6c69101fb2f28404b6c700101661898543db27a4a6dc6e", "size": 1857}, "epoch": 14, "loss": 0.039746273308992386, "accuracy": 0.9868166446685791, "val_loss": 0.06830743700265884, "val_accuracy": 0.9786999821662903, "_runtime": 113, "_timestamp": 1638979468, "_step": 14, "best_val_loss": 0.06478705257177353, "best_epoch": 11, "_wandb": {"runtime": 112}}